Book_Name,Price
Atomic Habits,₹450.00
My First Library: Boxset of 10 Board Books for Kids,₹399.00
The Magic (Tamil),₹347.00
Don't Believe Everything You Think (English),₹187.00
Oswaal CBSE Sample Question Papers Class 10 Science Book (For Board Exams 2024) | 2023-24,₹301.00
Oswaal CBSE Sample Question Papers Class 10 Mathematics Standard Book (For Board Exams 2024) | 2023-24,₹294.00
The Psychology Of Money,₹275.00
The Power of Your Subconscious Mind,₹85.00
Ikigai,₹346.00
Breaking the Mould : Reimagining India's Economic Future,₹575.00
My First Book of Patterns Pencil Control: Patterns Practice book for kids (Pattern Writing),₹89.00
Brain Activity Book for Kids - 200+ Activities for Age 3+,₹90.00
SSC GD (COMBO) MATH +REASONING+GK+HINDI,₹372.00
"Educart CBSE Class 10 Sample Papers Bundle - Science, Maths, Social Science & English 2023-24 (Introducing Revision Maps and Past Year Papers) 2024","₹1,088.00"
Colouring Books Boxset: Pack of 12 Copy Colour Books For Children,₹329.00
"Grandma's Bag of Stories: Collection of 20+ Illustrated short stories, traditional Indian folk tales for all ages for children of all ages by Sudha Murty [Paperback] Sudha Murty",₹162.00
"Same As Ever: Timeless Lessons on Risk, Opportunity and Living a Good Life",₹323.00
Rich Dad Poor Dad: 25th Anniversary Edit,₹401.00
Oswaal CBSE Sample Question Papers Class 10 Social Science Book (For Board Exams 2024) | 2023-24,₹299.00
"Think And Grow Rich [Original Edition (Complete), PREMIUM PAPERBACK]",₹99.00
You Can,₹99.00
"Do It Today: Overcome procrastination, improve productivity and achieve more meaningful things [Paperback] Foroux, Darius",₹144.00
"Sank Magic Practice Copybook, (4 BOOK + 10 REFILL+ 1 Pen +1 Grip) Number Tracing Book for Preschoolers with Pen, Magic Calligraphy Copybook Set Practical Reusable Writing Tool Simple Hand Lettering",₹90.00
THE 48 LAWS OF POWER,₹559.00
BRAHMASTRA Complete Maths Multicolored Formula Book Second Edition BILINGUAL by Aditya Ranjan Sir,₹160.00
The Power of Your Subconscious Mind,₹99.00
"PW Physics Med Easy Notes | Notes, Formulas, Mnemonics, Tips & Tricks for NEET/JEE & Board Exams | MR Sir Physics Handwritten Notes",₹405.00
"My First Mythology Tale (Illustrated) (Set of 5 Books) - Mahabharata, Krishna, Hanuman, Ganesha, Ramayana - Story Book for Kids - English Short Stories with Colourful Pictures - Read Aloud to Infants, Toddlers",₹160.00
Meditations,₹99.00
World’s Greatest Books For Personal Growth & Wealth (Set of 4 Books) : Perfect Motivational Gift Set,₹339.00
"Moral Story Books for Kids (Illustrated) - English Short Stories with Colourful Pictures - Bedtime Children Story Book - 3 Years to 6 Years Old Children - Read Aloud to Infants, Toddlers (Set of 10 Books)",₹221.00
Animals Tales From Panchtantra: Timeless Stories for Children From Ancient India,₹189.00
How to Win Friends and Influence People,₹99.00
"201 Brain Booster Activity Book - Fun Activities and Exercises For Children: Tracing & Pattern, Colors & Shapes, Maze",₹99.00
Math Concept King - All Formulas and Theorum Latest 2023 Edition | Gagan Pratap Sir | Champion Publication,₹120.00
Shrimad Bhagwat Geeta Yatharoop,₹200.00
Educart CBSE Science Class 10 Sample Paper 2023-24 (Introducing Revision Maps and Past Year Papers) 2024,₹278.00
"Oxford Student Atlas for India, Fourth Edition - Useful for Competitive Exams",₹240.00
Oswaal CBSE Sample Question Papers Class 10 English Language & Literature Book (For 2024 Exam),₹241.00
Educart CBSE Social Science Class 10 Sample Paper 2023-24 (Introducing Revision Maps and Past Year Papers) 2024,₹280.00
How to Talk to Anyone: 92 Little Tricks for Big Success in Relationships,₹247.00
Diary Of A Wimpy Kid: No Brainer (Book 18),₹399.00
"Oswal - Gurukul Last Years 10 Solved Papers for CBSE Class 10 Exam 2024 - Yearwise Board Solutions of Math Standard, English, Science & Social Science (All Sets Delhi & Outside), Latest Syllabus",₹795.00
Oswaal CBSE Class 10 Science Question Bank (For 2024 Board Exams),₹498.00
The 5 AM Club,₹240.00
"THE SILENT PATIENT [Paperback] Michaelides, Alex",₹218.00
"Writing Practice Boxset: Pack of 4 Books (Writing Fun: Write And Practice Capital Letters, Small Letters, Patterns and Numbers 1 to 10)",₹199.00
Man's Search For Meaning: The classic tribute to hope from the Holocaust,₹187.00
Indian Polity for UPSC (English| 7th Edition) |Civil Services Exam| State Administrative Exams,₹795.00
"Little Colouring Books for Kids (Set of 10 Books) - Gift to children for painting, drawing and colouring - Alphabets, Animals, Birds, Flags, Flowers, ... Transport, Vegetables - 3 to 6 years old [Paperback] Maple Press",₹192.00
